{"cameraMode":{"drawMode":0,"name":"Shaded","section":"Shading Mode"},"sceneLighting":true,"audioPlay":false,"sceneViewState":{"m_AlwaysRefresh":false,"showFog":true,"showSkybox":true,"showFlares":true,"showImageEffects":true,"showParticleSystems":true,"showVisualEffectGraphs":true,"m_FxEnabled":true},"in2DMode":false,"pivot":{"x":-0.3696286082267761,"y":1.2490211725234986,"z":3.4443135261535646},"rotation":{"x":-0.0031160516664385797,"y":0.9847407937049866,"z":-0.17309534549713136,"w":-0.017727244645357133},"size":5.1492600440979,"orthographic":true}