{"cameraMode":{"drawMode":0,"name":"Shaded","section":"Shading Mode"},"sceneLighting":true,"audioPlay":false,"sceneViewState":{"m_AlwaysRefresh":false,"showFog":true,"showSkybox":true,"showFlares":true,"showImageEffects":true,"showParticleSystems":true,"showVisualEffectGraphs":true,"m_FxEnabled":true},"in2DMode":false,"pivot":{"x":2.45137882232666,"y":-0.36937451362609866,"z":-0.0791630744934082},"rotation":{"x":0.12177670747041702,"y":-0.8660210967063904,"z":0.2560757100582123,"w":0.41183751821517947},"size":2.919583559036255,"orthographic":true}