{"cameraMode":{"drawMode":0,"name":"Shaded","section":"Shading Mode"},"sceneLighting":true,"audioPlay":false,"sceneViewState":{"m_AlwaysRefresh":false,"showFog":true,"showSkybox":true,"showFlares":true,"showImageEffects":true,"showParticleSystems":true,"showVisualEffectGraphs":true,"m_FxEnabled":true},"in2DMode":false,"pivot":{"x":3.8154335021972658,"y":2.0973219871520998,"z":3.9730637073516847},"rotation":{"x":0.15225042402744294,"y":0.3700891435146332,"z":0.06163895130157471,"w":-0.9143750667572022},"size":3.4133334159851076,"orthographic":true}