{"cameraMode":{"drawMode":0,"name":"Shaded","section":"Shading Mode"},"sceneLighting":true,"audioPlay":false,"sceneViewState":{"m_AlwaysRefresh":false,"showFog":true,"showSkybox":true,"showFlares":true,"showImageEffects":true,"showParticleSystems":true,"showVisualEffectGraphs":true,"m_FxEnabled":true},"in2DMode":false,"pivot":{"x":-1.7947571277618409,"y":-0.5062198638916016,"z":-0.29045629501342776},"rotation":{"x":-0.024531599134206773,"y":-0.9742186665534973,"z":0.13142281770706178,"w":-0.18181002140045167},"size":6.179865837097168,"orthographic":true}