{"cameraMode":{"drawMode":0,"name":"Shaded","section":"Shading Mode"},"sceneLighting":true,"audioPlay":false,"sceneViewState":{"m_AlwaysRefresh":false,"showFog":true,"showSkybox":true,"showFlares":true,"showImageEffects":true,"showParticleSystems":true,"showVisualEffectGraphs":true,"m_FxEnabled":true},"in2DMode":false,"pivot":{"x":5.465622901916504,"y":-3.975465774536133,"z":16.248058319091798},"rotation":{"x":-0.19993841648101808,"y":-0.14277134835720063,"z":0.029521679505705835,"w":-0.9689452648162842},"size":5.3854804039001469,"orthographic":true}