{"cameraMode":{"drawMode":0,"name":"Shaded","section":"Shading Mode"},"sceneLighting":true,"audioPlay":false,"sceneViewState":{"m_AlwaysRefresh":false,"showFog":true,"showSkybox":true,"showFlares":true,"showImageEffects":true,"showParticleSystems":true,"showVisualEffectGraphs":true,"m_FxEnabled":true},"in2DMode":false,"pivot":{"x":0.035883545875549319,"y":1.0129318237304688,"z":-1.6713266372680665},"rotation":{"x":-0.005784840323030949,"y":-0.9918631315231323,"z":0.11748296022415161,"w":-0.04884296655654907},"size":3.1488614082336427,"orthographic":true}