{"cameraMode":{"drawMode":0,"name":"Shaded","section":"Shading Mode"},"sceneLighting":true,"audioPlay":false,"sceneViewState":{"m_AlwaysRefresh":false,"showFog":true,"showSkybox":true,"showFlares":true,"showImageEffects":true,"showParticleSystems":true,"showVisualEffectGraphs":true,"m_FxEnabled":true},"in2DMode":false,"pivot":{"x":-0.009800001978874207,"y":11.018895149230957,"z":1.1920928955078126e-7},"rotation":{"x":-0.02414201945066452,"y":0.6558853983879089,"z":-0.02099578082561493,"w":-0.7541877031326294},"size":0.574677586555481,"orthographic":true}