{"cameraMode":{"drawMode":0,"name":"Shaded","section":"Shading Mode"},"sceneLighting":true,"audioPlay":false,"sceneViewState":{"m_AlwaysRefresh":false,"showFog":true,"showSkybox":true,"showFlares":true,"showImageEffects":true,"showParticleSystems":true,"showVisualEffectGraphs":true,"m_FxEnabled":true},"in2DMode":false,"pivot":{"x":1.4761300086975098,"y":1.894879698753357,"z":1.7406445741653443},"rotation":{"x":0.26180315017700198,"y":0.4884202182292938,"z":-0.15639886260032655,"w":0.8175860643386841},"size":1.5341911315917969,"orthographic":true}