{"cameraMode":{"drawMode":0,"name":"Shaded","section":"Shading Mode"},"sceneLighting":true,"audioPlay":false,"sceneViewState":{"m_AlwaysRefresh":false,"showFog":true,"showSkybox":true,"showFlares":true,"showImageEffects":true,"showParticleSystems":true,"showVisualEffectGraphs":true,"m_FxEnabled":true},"in2DMode":false,"pivot":{"x":0.12812268733978272,"y":2.794062852859497,"z":0.759779691696167},"rotation":{"x":0.21702678501605988,"y":-0.22602643072605134,"z":0.05173182114958763,"w":0.948229968547821},"size":4.915168285369873,"orthographic":false}