{"cameraMode":{"drawMode":0,"name":"Shaded","section":"Shading Mode"},"sceneLighting":true,"audioPlay":false,"sceneViewState":{"m_AlwaysRefresh":false,"showFog":true,"showSkybox":true,"showFlares":true,"showImageEffects":true,"showParticleSystems":true,"showVisualEffectGraphs":true,"m_FxEnabled":true},"in2DMode":false,"pivot":{"x":-19.20095443725586,"y":-0.26848429441452029,"z":-0.2995419204235077},"rotation":{"x":0.39928004145622256,"y":0.29387882351875307,"z":-0.13675378262996674,"w":0.8576464653015137},"size":0.06882020831108093,"orthographic":true}