{"cameraMode":{"drawMode":0,"name":"Shaded","section":"Shading Mode"},"sceneLighting":true,"audioPlay":false,"sceneViewState":{"m_AlwaysRefresh":false,"showFog":true,"showSkybox":true,"showFlares":true,"showImageEffects":true,"showParticleSystems":true,"showVisualEffectGraphs":true,"m_FxEnabled":true},"in2DMode":false,"pivot":{"x":1.5199613571166993,"y":-0.7447395324707031,"z":0.05125489830970764},"rotation":{"x":0.054210223257541659,"y":0.4859309494495392,"z":-0.030215714126825334,"w":0.8717943429946899},"size":6.75452184677124,"orthographic":true}