{"cameraMode":{"drawMode":0,"name":"Shaded","section":"Shading Mode"},"sceneLighting":true,"audioPlay":false,"sceneViewState":{"m_AlwaysRefresh":false,"showFog":true,"showSkybox":true,"showFlares":true,"showImageEffects":true,"showParticleSystems":true,"showVisualEffectGraphs":true,"m_FxEnabled":true},"in2DMode":false,"pivot":{"x":-0.8993828296661377,"y":0.7165771722793579,"z":-1.2500125169754029},"rotation":{"x":0.0314364917576313,"y":0.9678668975830078,"z":-0.19418175518512727,"w":0.15669000148773194},"size":2.715322256088257,"orthographic":true}