{"cameraMode":{"drawMode":0,"name":"Shaded","section":"Shading Mode"},"sceneLighting":true,"audioPlay":false,"sceneViewState":{"m_AlwaysRefresh":false,"showFog":true,"showSkybox":true,"showFlares":true,"showImageEffects":true,"showParticleSystems":true,"showVisualEffectGraphs":true,"m_FxEnabled":true},"in2DMode":false,"pivot":{"x":0.2783818244934082,"y":-0.05868244171142578,"z":0.963801383972168},"rotation":{"x":-0.4390908479690552,"y":0.5379296541213989,"z":0.39097827672958376,"w":0.6041268706321716},"size":5.224784851074219,"orthographic":true}