{"cameraMode":{"drawMode":0,"name":"Shaded","section":"Shading Mode"},"sceneLighting":true,"audioPlay":false,"sceneViewState":{"m_AlwaysRefresh":false,"showFog":true,"showSkybox":true,"showFlares":true,"showImageEffects":true,"showParticleSystems":true,"showVisualEffectGraphs":true,"m_FxEnabled":true},"in2DMode":false,"pivot":{"x":-0.9205530881881714,"y":-1.286722183227539,"z":1.1342381238937379},"rotation":{"x":-0.44465065002441409,"y":0.5548248291015625,"z":0.48076117038726809,"w":0.5131537318229675},"size":0.9057254791259766,"orthographic":true}