{"cameraMode":{"drawMode":0,"name":"Shaded","section":"Shading Mode"},"sceneLighting":true,"audioPlay":false,"sceneViewState":{"m_AlwaysRefresh":false,"showFog":true,"showSkybox":true,"showFlares":true,"showImageEffects":true,"showParticleSystems":true,"showVisualEffectGraphs":true,"m_FxEnabled":true},"in2DMode":false,"pivot":{"x":5.627987861633301,"y":0.30181849002838137,"z":2.907200574874878},"rotation":{"x":0.02318158932030201,"y":0.44559237360954287,"z":-0.011540606617927552,"w":0.8948667049407959},"size":4.555582046508789,"orthographic":true}