{"cameraMode":{"drawMode":0,"name":"Shaded","section":"Shading Mode"},"sceneLighting":true,"audioPlay":false,"sceneViewState":{"m_AlwaysRefresh":false,"showFog":true,"showSkybox":true,"showFlares":true,"showImageEffects":true,"showParticleSystems":true,"showVisualEffectGraphs":true,"m_FxEnabled":true},"in2DMode":false,"pivot":{"x":724.7246704101563,"y":545.132080078125,"z":0.003835022449493408},"rotation":{"x":-0.047318052500486377,"y":-0.16554097831249238,"z":-0.007952081970870495,"w":0.9850354194641113},"size":1.1800847053527833,"orthographic":true}