{"cameraMode":{"drawMode":0,"name":"Shaded","section":"Shading Mode"},"sceneLighting":true,"audioPlay":false,"sceneViewState":{"m_AlwaysRefresh":false,"showFog":true,"showSkybox":true,"showFlares":true,"showImageEffects":true,"showParticleSystems":true,"showVisualEffectGraphs":true,"m_FxEnabled":true},"in2DMode":false,"pivot":{"x":0.7189711332321167,"y":0.04902195930480957,"z":4.005930423736572},"rotation":{"x":0.543452799320221,"y":0.11254303902387619,"z":-0.07381514459848404,"w":0.8285816311836243},"size":11.750370979309082,"orthographic":true}