{"cameraMode":{"drawMode":0,"name":"Shaded","section":"Shading Mode"},"sceneLighting":true,"audioPlay":false,"sceneViewState":{"m_AlwaysRefresh":false,"showFog":true,"showSkybox":true,"showFlares":true,"showImageEffects":true,"showParticleSystems":true,"showVisualEffectGraphs":true,"m_FxEnabled":true},"in2DMode":false,"pivot":{"x":-1.855483055114746,"y":0.18728002905845643,"z":0.21170318126678468},"rotation":{"x":-0.011933643370866776,"y":0.10479944944381714,"z":0.0012575872242450715,"w":0.994423508644104},"size":3.0347273349761965,"orthographic":true}