{"cameraMode":{"drawMode":0,"name":"Shaded","section":"Shading Mode"},"sceneLighting":true,"audioPlay":false,"sceneViewState":{"m_AlwaysRefresh":false,"showFog":true,"showSkybox":true,"showFlares":true,"showImageEffects":true,"showParticleSystems":true,"showVisualEffectGraphs":true,"m_FxEnabled":true},"in2DMode":false,"pivot":{"x":-0.08774465322494507,"y":5.744518280029297,"z":0.12171846628189087},"rotation":{"x":0.16982144117355348,"y":0.06292341649532318,"z":-0.010865294374525547,"w":0.9834084510803223},"size":0.920074462890625,"orthographic":true}