{"cameraMode":{"drawMode":0,"name":"Shaded","section":"Shading Mode"},"sceneLighting":true,"audioPlay":false,"sceneViewState":{"m_AlwaysRefresh":false,"showFog":true,"showSkybox":true,"showFlares":true,"showImageEffects":true,"showParticleSystems":true,"showVisualEffectGraphs":true,"m_FxEnabled":true},"in2DMode":false,"pivot":{"x":0.7828229069709778,"y":0.13924133777618409,"z":-0.6817889213562012},"rotation":{"x":0.03794126585125923,"y":0.9448162913322449,"z":-0.11824070662260056,"w":0.3031713366508484},"size":6.812768459320068,"orthographic":true}