{"cameraMode":{"drawMode":0,"name":"Shaded","section":"Shading Mode"},"sceneLighting":true,"audioPlay":false,"sceneViewState":{"m_AlwaysRefresh":false,"showFog":true,"showSkybox":true,"showFlares":true,"showImageEffects":true,"showParticleSystems":true,"showVisualEffectGraphs":true,"m_FxEnabled":true},"in2DMode":false,"pivot":{"x":1.367402195930481,"y":-1.2910863161087037,"z":-0.18548864126205445},"rotation":{"x":-0.6961821913719177,"y":-0.10219451040029526,"z":-0.7033231854438782,"w":0.10116223990917206},"size":1.640169382095337,"orthographic":true}