{"cameraMode":{"drawMode":0,"name":"Shaded","section":"Shading Mode"},"sceneLighting":true,"audioPlay":false,"sceneViewState":{"m_AlwaysRefresh":false,"showFog":true,"showSkybox":true,"showFlares":true,"showImageEffects":true,"showParticleSystems":true,"showVisualEffectGraphs":true,"m_FxEnabled":true},"in2DMode":false,"pivot":{"x":0.6111181974411011,"y":1.2695056200027466,"z":-0.2245955467224121},"rotation":{"x":-0.13090252876281739,"y":0.863415002822876,"z":0.28708234429359438,"w":0.3936777114868164},"size":2.529660940170288,"orthographic":true}