{"cameraMode":{"drawMode":0,"name":"Shaded","section":"Shading Mode"},"sceneLighting":true,"audioPlay":false,"sceneViewState":{"m_AlwaysRefresh":false,"showFog":true,"showSkybox":true,"showFlares":true,"showImageEffects":true,"showParticleSystems":true,"showVisualEffectGraphs":true,"m_FxEnabled":true},"in2DMode":false,"pivot":{"x":-2.3493621349334719,"y":2.320645809173584,"z":-0.040902137756347659},"rotation":{"x":-0.16625499725341798,"y":0.3998742401599884,"z":-0.07400355488061905,"w":-0.8983306288719177},"size":6.050463676452637,"orthographic":true}