{"cameraMode":{"drawMode":0,"name":"Shaded","section":"Shading Mode"},"sceneLighting":true,"audioPlay":false,"sceneViewState":{"m_AlwaysRefresh":false,"showFog":true,"showSkybox":true,"showFlares":true,"showImageEffects":true,"showParticleSystems":true,"showVisualEffectGraphs":true,"m_FxEnabled":true},"in2DMode":false,"pivot":{"x":1.9546908140182496,"y":2.6489672660827638,"z":0.3592252731323242},"rotation":{"x":-0.3718498647212982,"y":-0.0013926129322499037,"z":-0.0005575386458076537,"w":0.9282935857772827},"size":4.325436592102051,"orthographic":true}