{"cameraMode":{"drawMode":0,"name":"Shaded","section":"Shading Mode"},"sceneLighting":true,"audioPlay":false,"sceneViewState":{"m_AlwaysRefresh":false,"showFog":true,"showSkybox":true,"showFlares":true,"showImageEffects":true,"showParticleSystems":true,"showVisualEffectGraphs":true,"m_FxEnabled":true},"in2DMode":false,"pivot":{"x":-0.06746894121170044,"y":0.9524992108345032,"z":0.1454465389251709},"rotation":{"x":0.1654459834098816,"y":-0.5803039073944092,"z":0.12195639312267304,"w":0.7881134748458862},"size":2.9428157806396486,"orthographic":true}