{"cameraMode":{"drawMode":0,"name":"Shaded","section":"Shading Mode"},"sceneLighting":true,"audioPlay":false,"sceneViewState":{"m_AlwaysRefresh":false,"showFog":true,"showSkybox":true,"showFlares":true,"showImageEffects":true,"showParticleSystems":true,"showVisualEffectGraphs":true,"m_FxEnabled":true},"in2DMode":false,"pivot":{"x":0.4748585820198059,"y":0.9497547149658203,"z":0.24550050497055055},"rotation":{"x":0.1853448897600174,"y":0.1859477311372757,"z":-0.035740770399570468,"w":0.9642630815505981},"size":3.008639097213745,"orthographic":true}