{"cameraMode":{"drawMode":0,"name":"Shaded","section":"Shading Mode"},"sceneLighting":true,"audioPlay":false,"sceneViewState":{"m_AlwaysRefresh":false,"showFog":true,"showSkybox":true,"showFlares":true,"showImageEffects":true,"showParticleSystems":true,"showVisualEffectGraphs":true,"m_FxEnabled":true},"in2DMode":false,"pivot":{"x":21.198820114135743,"y":3.5561907291412355,"z":17.728899002075197},"rotation":{"x":0.9059514403343201,"y":0.014563866890966893,"z":-0.03126772493124008,"w":0.4219735860824585},"size":1.6363228559494019,"orthographic":true}