{"cameraMode":{"drawMode":0,"name":"Shaded","section":"Shading Mode"},"sceneLighting":true,"audioPlay":false,"sceneViewState":{"m_AlwaysRefresh":false,"showFog":true,"showSkybox":true,"showFlares":true,"showImageEffects":true,"showParticleSystems":true,"showVisualEffectGraphs":true,"m_FxEnabled":true},"in2DMode":false,"pivot":{"x":0.9213833808898926,"y":0.1404513120651245,"z":-0.49673569202423098},"rotation":{"x":-0.08943374454975128,"y":-0.34254971146583559,"z":0.03279663249850273,"w":-0.9347118139266968},"size":3.471257209777832,"orthographic":true}