{"cameraMode":{"drawMode":0,"name":"Shaded","section":"Shading Mode"},"sceneLighting":true,"audioPlay":false,"sceneViewState":{"m_AlwaysRefresh":false,"showFog":true,"showSkybox":true,"showFlares":true,"showImageEffects":true,"showParticleSystems":true,"showVisualEffectGraphs":true,"m_FxEnabled":true},"in2DMode":false,"pivot":{"x":0.04885280132293701,"y":0.08487975597381592,"z":0.4623422622680664},"rotation":{"x":-0.004578988067805767,"y":0.954063892364502,"z":0.29931366443634035,"w":0.014594955369830132},"size":4.036254405975342,"orthographic":true}