{"cameraMode":{"drawMode":0,"name":"Shaded","section":"Shading Mode"},"sceneLighting":true,"audioPlay":false,"sceneViewState":{"m_AlwaysRefresh":false,"showFog":true,"showSkybox":true,"showFlares":true,"showImageEffects":true,"showParticleSystems":true,"showVisualEffectGraphs":true,"m_FxEnabled":true},"in2DMode":false,"pivot":{"x":0.6543270349502564,"y":1.7455570697784424,"z":0.054003626108169559},"rotation":{"x":-0.050326429307460788,"y":-0.899914562702179,"z":0.10796105116605759,"w":-0.4194963574409485},"size":0.8508633375167847,"orthographic":true}