{"cameraMode":{"drawMode":0,"name":"Shaded","section":"Shading Mode"},"sceneLighting":true,"audioPlay":false,"sceneViewState":{"m_AlwaysRefresh":false,"showFog":true,"showSkybox":true,"showFlares":true,"showImageEffects":true,"showParticleSystems":true,"showVisualEffectGraphs":true,"m_FxEnabled":true},"in2DMode":false,"pivot":{"x":-0.9139291644096375,"y":1.5277549028396607,"z":-0.6427541971206665},"rotation":{"x":-0.07947611063718796,"y":-0.7079516649246216,"z":0.08069083094596863,"w":-0.6971390843391419},"size":4.640885353088379,"orthographic":true}