{"cameraMode":{"drawMode":0,"name":"Shaded","section":"Shading Mode"},"sceneLighting":true,"audioPlay":false,"sceneViewState":{"m_AlwaysRefresh":false,"showFog":true,"showSkybox":true,"showFlares":true,"showImageEffects":true,"showParticleSystems":true,"showVisualEffectGraphs":true,"m_FxEnabled":true},"in2DMode":false,"pivot":{"x":0.0032320264726877214,"y":-1.5556033849716187,"z":0.5138788223266602},"rotation":{"x":-0.1999148428440094,"y":-0.10704834759235382,"z":-0.021981189027428628,"w":0.973705530166626},"size":4.803915977478027,"orthographic":true}