{"cameraMode":{"drawMode":0,"name":"Shaded","section":"Shading Mode"},"sceneLighting":true,"audioPlay":false,"sceneViewState":{"m_AlwaysRefresh":false,"showFog":true,"showSkybox":true,"showFlares":true,"showImageEffects":true,"showParticleSystems":true,"showVisualEffectGraphs":true,"m_FxEnabled":true},"in2DMode":false,"pivot":{"x":0.31258630752563479,"y":-0.4248083829879761,"z":-0.8377933502197266},"rotation":{"x":-0.10871385782957077,"y":-0.8884286284446716,"z":0.27521011233329775,"w":-0.3509448766708374},"size":3.1761531829833986,"orthographic":true}