{"cameraMode":{"drawMode":0,"name":"Shaded","section":"Shading Mode"},"sceneLighting":true,"audioPlay":false,"sceneViewState":{"m_AlwaysRefresh":false,"showFog":true,"showSkybox":true,"showFlares":true,"showImageEffects":true,"showParticleSystems":true,"showVisualEffectGraphs":true,"m_FxEnabled":true},"in2DMode":false,"pivot":{"x":-0.875295102596283,"y":2.832078456878662,"z":0.11287122964859009},"rotation":{"x":0.0003311882901471108,"y":-0.999548077583313,"z":-0.011995147913694382,"w":-0.02759578265249729},"size":3.80251407623291,"orthographic":true}