{"cameraMode":{"drawMode":0,"name":"Shaded","section":"Shading Mode"},"sceneLighting":true,"audioPlay":false,"sceneViewState":{"m_AlwaysRefresh":false,"showFog":true,"showSkybox":true,"showFlares":true,"showImageEffects":true,"showParticleSystems":true,"showVisualEffectGraphs":true,"m_FxEnabled":true},"in2DMode":false,"pivot":{"x":1.1103577613830567,"y":0.7909571528434753,"z":-1.3412439823150635},"rotation":{"x":-0.03029288351535797,"y":0.6920051574707031,"z":-0.029075412079691888,"w":-0.7206934690475464},"size":5.835081100463867,"orthographic":true}