{"cameraMode":{"drawMode":0,"name":"Shaded","section":"Shading Mode"},"sceneLighting":true,"audioPlay":false,"sceneViewState":{"m_AlwaysRefresh":false,"showFog":true,"showSkybox":true,"showFlares":true,"showImageEffects":true,"showParticleSystems":true,"showVisualEffectGraphs":true,"m_FxEnabled":true},"in2DMode":false,"pivot":{"x":-0.3295927047729492,"y":-0.8289943933486939,"z":0.7037941217422485},"rotation":{"x":0.19801919162273408,"y":-0.5373497605323792,"z":0.13149742782115937,"w":0.8091743588447571},"size":5.056647300720215,"orthographic":true}