{"cameraMode":{"drawMode":0,"name":"Shaded","section":"Shading Mode"},"sceneLighting":true,"audioPlay":false,"sceneViewState":{"m_AlwaysRefresh":false,"showFog":true,"showSkybox":true,"showFlares":true,"showImageEffects":true,"showParticleSystems":true,"showVisualEffectGraphs":true,"m_FxEnabled":true},"in2DMode":false,"pivot":{"x":0.08452136814594269,"y":1.1255173683166505,"z":-0.9015616178512573},"rotation":{"x":0.27293533086776736,"y":-0.055287931114435199,"z":0.015697313472628595,"w":0.9603667259216309},"size":2.853081464767456,"orthographic":true}