{"cameraMode":{"drawMode":0,"name":"Shaded","section":"Shading Mode"},"sceneLighting":true,"audioPlay":false,"sceneViewState":{"m_AlwaysRefresh":false,"showFog":true,"showSkybox":true,"showFlares":true,"showImageEffects":true,"showParticleSystems":true,"showVisualEffectGraphs":true,"m_FxEnabled":true},"in2DMode":false,"pivot":{"x":-3.244476556777954,"y":3.4497804641723635,"z":-1.4965527057647706},"rotation":{"x":-0.015894880518317224,"y":0.26814043521881106,"z":0.004424723796546459,"w":0.9632387757301331},"size":4.972708702087402,"orthographic":true}