{"cameraMode":{"drawMode":0,"name":"Shaded","section":"Shading Mode"},"sceneLighting":false,"audioPlay":false,"sceneViewState":{"m_AlwaysRefresh":false,"showFog":true,"showSkybox":false,"showFlares":true,"showImageEffects":true,"showParticleSystems":true,"showVisualEffectGraphs":true,"m_FxEnabled":true},"in2DMode":false,"pivot":{"x":0.005320310592651367,"y":-0.02893608808517456,"z":-0.24254679679870606},"rotation":{"x":0.2182803601026535,"y":0.4161219298839569,"z":-0.10378735512495041,"w":0.8767000436782837},"size":0.6807923913002014,"orthographic":true}