{"cameraMode":{"drawMode":0,"name":"Shaded","section":"Shading Mode"},"sceneLighting":false,"audioPlay":false,"sceneViewState":{"m_AlwaysRefresh":false,"showFog":true,"showSkybox":false,"showFlares":true,"showImageEffects":true,"showParticleSystems":true,"showVisualEffectGraphs":true,"m_FxEnabled":true},"in2DMode":false,"pivot":{"x":-0.3878164291381836,"y":0.05659706890583038,"z":1.2760417461395264},"rotation":{"x":0.034500852227211,"y":-0.28471317887306216,"z":0.010252762585878373,"w":0.9579401016235352},"size":1.2932519912719727,"orthographic":false}