{"cameraMode":{"drawMode":0,"name":"Shaded","section":"Shading Mode"},"sceneLighting":false,"audioPlay":false,"sceneViewState":{"m_AlwaysRefresh":false,"showFog":false,"showSkybox":false,"showFlares":false,"showImageEffects":false,"showParticleSystems":false,"showVisualEffectGraphs":true,"m_FxEnabled":true},"in2DMode":false,"pivot":{"x":-0.0014705657958984376,"y":1.793642520904541,"z":-0.00941699743270874},"rotation":{"x":-0.02044893614947796,"y":0.9598971605300903,"z":-0.0727093517780304,"w":-0.27000874280929568},"size":5.741983413696289,"orthographic":false}